{
    "fileOptions": [
        {
            "sort": 1,
            "userTarget": "STUDENT",
            "class": "B1",
            "letterGroup": "REA",
            "display": "REA",
            "fileName": "SB1REA1.json"
        },
        {
            "sort": 2,
            "userTarget": "STUDENT",
            "class": "B1",
            "letterGroup": "REA",
            "display": "REA UWB",
            "fileName": "SB1REA2.json"
        },
        {
            "sort": 3,
            "userTarget": "STUDENT",
            "class": "B1",
            "letterGroup": "REA",
            "display": "REA UWB HOF",
            "fileName": "SB1REA3.json"
        },
        {
            "sort": 4,
            "userTarget": "STUDENT",
            "class": "B1",
            "letterGroup": "REA",
            "display": "REA UWB HOF LCD",
            "fileName": "SB1REA4.json"
        },
        {
            "sort": 5,
            "userTarget": "STUDENT",
            "class": "B1",
            "letterGroup": "REA",
            "display": "REA UWB HOF LCD PGS",
            "fileName": "SB1REA5.json"
        },
        {
            "sort": 6,
            "userTarget": "STUDENT",
            "class": "B1",
            "letterGroup": "REA",
            "display": "B1 REVIEW",
            "fileName": "SB1REA6.json"
        },
        {
            "sort": 7,
            "userTarget": "STUDENT",
            "class": "B1",
            "letterGroup": "TIN",
            "display": "TIN",
            "fileName": "SB1TIN1.json"
        },
        {
            "sort": 8,
            "userTarget": "STUDENT",
            "class": "B1",
            "letterGroup": "TIN",
            "display": "TIN REA",
            "fileName": "SB1TIN2.json"
        },
        {
            "sort": 9,
            "userTarget": "STUDENT",
            "class": "B1",
            "letterGroup": "TIN",
            "display": "TIN REA UWB",
            "fileName": "SB1TIN3.json"
        },
        {
            "sort": 10,
            "userTarget": "STUDENT",
            "class": "B1",
            "letterGroup": "TIN",
            "display": "TIN REA UWB HOF",
            "fileName": "SB1TIN4.json"
        },
        {
            "sort": 11,
            "userTarget": "STUDENT",
            "class": "B1",
            "letterGroup": "TIN",
            "display": "TIN REA UWB HOF LCD",
            "fileName": "SB1TIN5.json"
        },
        {
            "sort": 12,
            "userTarget": "STUDENT",
            "class": "B1",
            "letterGroup": "TIN",
            "display": "B1 REVIEW",
            "fileName": "SB1TIN6.json"
        },
        {
            "sort": 13,
            "userTarget": "STUDENT",
            "class": "B1",
            "letterGroup": "PGS",
            "display": "PGS",
            "fileName": "SB1PGS1.json"
        },
        {
            "sort": 14,
            "userTarget": "STUDENT",
            "class": "B1",
            "letterGroup": "PGS",
            "display": "PGS TIN",
            "fileName": "SB1PGS2.json"
        },
        {
            "sort": 15,
            "userTarget": "STUDENT",
            "class": "B1",
            "letterGroup": "PGS",
            "display": "PGS TIN REA",
            "fileName": "SB1PGS3.json"
        },
        {
            "sort": 16,
            "userTarget": "STUDENT",
            "class": "B1",
            "letterGroup": "PGS",
            "display": "PGS TIN REA UWB",
            "fileName": "SB1PGS4.json"
        },
        {
            "sort": 17,
            "userTarget": "STUDENT",
            "class": "B1",
            "letterGroup": "PGS",
            "display": "PGS TIN REA UWB HOF",
            "fileName": "SB1PGS5.json"
        },
        {
            "sort": 18,
            "userTarget": "STUDENT",
            "class": "B1",
            "letterGroup": "PGS",
            "display": "B1 REVIEW",
            "fileName": "SB1PGS6.json"
        },
        {
            "sort": 19,
            "userTarget": "STUDENT",
            "class": "B1",
            "letterGroup": "LCD",
            "display": "LCD",
            "fileName": "SB1LCD1.json"
        },
        {
            "sort": 20,
            "userTarget": "STUDENT",
            "class": "B1",
            "letterGroup": "LCD",
            "display": "LCD PGS",
            "fileName": "SB1LCD2.json"
        },
        {
            "sort": 21,
            "userTarget": "STUDENT",
            "class": "B1",
            "letterGroup": "LCD",
            "display": "LCD PGS TIN",
            "fileName": "SB1LCD3.json"
        },
        {
            "sort": 22,
            "userTarget": "STUDENT",
            "class": "B1",
            "letterGroup": "LCD",
            "display": "LCD PGS TIN REA",
            "fileName": "SB1LCD4.json"
        },
        {
            "sort": 23,
            "userTarget": "STUDENT",
            "class": "B1",
            "letterGroup": "LCD",
            "display": "LCD PGS TIN REA UWB",
            "fileName": "SB1LCD5.json"
        },
        {
            "sort": 24,
            "userTarget": "STUDENT",
            "class": "B1",
            "letterGroup": "LCD",
            "display": "B1 REVIEW",
            "fileName": "SB1LCD6.json"
        },
        {
            "sort": 25,
            "userTarget": "STUDENT",
            "class": "B1",
            "letterGroup": "HOF",
            "display": "HOF",
            "fileName": "SB1HOF1.json"
        },
        {
            "sort": 26,
            "userTarget": "STUDENT",
            "class": "B1",
            "letterGroup": "HOF",
            "display": "HOF LCD",
            "fileName": "SB1HOF2.json"
        },
        {
            "sort": 27,
            "userTarget": "STUDENT",
            "class": "B1",
            "letterGroup": "HOF",
            "display": "HOF LCD PGS",
            "fileName": "SB1HOF3.json"
        },
        {
            "sort": 28,
            "userTarget": "STUDENT",
            "class": "B1",
            "letterGroup": "HOF",
            "display": "HOF LCD PGS TIN",
            "fileName": "SB1HOF4.json"
        },
        {
            "sort": 29,
            "userTarget": "STUDENT",
            "class": "B1",
            "letterGroup": "HOF",
            "display": "HOF LCD PGS TIN REA",
            "fileName": "SB1HOF5.json"
        },
        {
            "sort": 30,
            "userTarget": "STUDENT",
            "class": "B1",
            "letterGroup": "HOF",
            "display": "B1 REVIEW",
            "fileName": "SB1HOF6.json"
        },
        {
            "sort": 31,
            "userTarget": "STUDENT",
            "class": "B1",
            "letterGroup": "UWB",
            "display": "UWB",
            "fileName": "SB1UWB1.json"
        },
        {
            "sort": 32,
            "userTarget": "STUDENT",
            "class": "B1",
            "letterGroup": "UWB",
            "display": "UWB HOF",
            "fileName": "SB1UWB2.json"
        },
        {
            "sort": 33,
            "userTarget": "STUDENT",
            "class": "B1",
            "letterGroup": "UWB",
            "display": "UWB HOF LCD",
            "fileName": "SB1UWB3.json"
        },
        {
            "sort": 34,
            "userTarget": "STUDENT",
            "class": "B1",
            "letterGroup": "UWB",
            "display": "UWB HOF LCD PGS",
            "fileName": "SB1UWB4.json"
        },
        {
            "sort": 35,
            "userTarget": "STUDENT",
            "class": "B1",
            "letterGroup": "UWB",
            "display": "UWB HOF LCD PGS TIN",
            "fileName": "SB1UWB5.json"
        },
        {
            "sort": 36,
            "userTarget": "STUDENT",
            "class": "B1",
            "letterGroup": "UWB",
            "display": "B1 REVIEW",
            "fileName": "SB1UWB6.json"
        },
        {
            "sort": 37,
            "userTarget": "STUDENT",
            "class": "B2",
            "letterGroup": "KMY",
            "display": "B1 REVIEW",
            "fileName": "SB2KMY1.json"
        },
        {
            "sort": 38,
            "userTarget": "STUDENT",
            "class": "B2",
            "letterGroup": "KMY",
            "display": "KMY",
            "fileName": "SB2KMY2.json"
        },
        {
            "sort": 39,
            "userTarget": "STUDENT",
            "class": "B2",
            "letterGroup": "KMY",
            "display": "QSO ABBREVIATIONS",
            "fileName": "SB2KMY3.json"
        },
        {
            "sort": 40,
            "userTarget": "STUDENT",
            "class": "B2",
            "letterGroup": "KMY",
            "display": "QSO PROTOCOL",
            "fileName": "SB2KMY4.json"
        },
        {
            "sort": 41,
            "userTarget": "STUDENT",
            "class": "B2",
            "letterGroup": "KMY",
            "display": "STATES",
            "fileName": "SB2KMY5.json"
        },
        {
            "sort": 42,
            "userTarget": "STUDENT",
            "class": "B2",
            "letterGroup": "59,",
            "display": "B1 REVIEW",
            "fileName": "SB2591.json"
        },
        {
            "sort": 43,
            "userTarget": "STUDENT",
            "class": "B2",
            "letterGroup": "59,",
            "display": "59,",
            "fileName": "SB2592.json"
        },
        {
            "sort": 44,
            "userTarget": "STUDENT",
            "class": "B2",
            "letterGroup": "59,",
            "display": "QSO ABBREVIATIONS",
            "fileName": "SB2593.json"
        },
        {
            "sort": 45,
            "userTarget": "STUDENT",
            "class": "B2",
            "letterGroup": "59,",
            "display": "QSO PROTOCOL",
            "fileName": "SB2594.json"
        },
        {
            "sort": 46,
            "userTarget": "STUDENT",
            "class": "B2",
            "letterGroup": "59,",
            "display": "CALLSIGNS",
            "fileName": "SB2595.json"
        },
        {
            "sort": 47,
            "userTarget": "STUDENT",
            "class": "B2",
            "letterGroup": "59,",
            "display": "STATES",
            "fileName": "SB2596.json"
        },
        {
            "sort": 48,
            "userTarget": "STUDENT",
            "class": "B2",
            "letterGroup": "QXV",
            "display": "B1 REVIEW",
            "fileName": "SB2QXV1.json"
        },
        {
            "sort": 49,
            "userTarget": "STUDENT",
            "class": "B2",
            "letterGroup": "QXV",
            "display": "QXV",
            "fileName": "SB2QXV2.json"
        },
        {
            "sort": 50,
            "userTarget": "STUDENT",
            "class": "B2",
            "letterGroup": "QXV",
            "display": "QSO ABBREVIATIONS",
            "fileName": "SB2QXV3.json"
        },
        {
            "sort": 51,
            "userTarget": "STUDENT",
            "class": "B2",
            "letterGroup": "QXV",
            "display": "QSO PROTOCOL",
            "fileName": "SB2QXV4.json"
        },
        {
            "sort": 52,
            "userTarget": "STUDENT",
            "class": "B2",
            "letterGroup": "QXV",
            "display": "STATES",
            "fileName": "SB2QXV5.json"
        },
        {
            "sort": 53,
            "userTarget": "STUDENT",
            "class": "B2",
            "letterGroup": "73?",
            "display": "B1 REVIEW",
            "fileName": "SB2731.json"
        },
        {
            "sort": 54,
            "userTarget": "STUDENT",
            "class": "B2",
            "letterGroup": "73?",
            "display": "73?",
            "fileName": "SB2732.json"
        },
        {
            "sort": 55,
            "userTarget": "STUDENT",
            "class": "B2",
            "letterGroup": "73?",
            "display": "QSO ABBREVIATIONS",
            "fileName": "SB2733.json"
        },
        {
            "sort": 56,
            "userTarget": "STUDENT",
            "class": "B2",
            "letterGroup": "73?",
            "display": "QSO PROTOCOL",
            "fileName": "SB2734.json"
        },
        {
            "sort": 57,
            "userTarget": "STUDENT",
            "class": "B2",
            "letterGroup": "73?",
            "display": "CALLSIGNS",
            "fileName": "SB2735.json"
        },
        {
            "sort": 58,
            "userTarget": "STUDENT",
            "class": "B2",
            "letterGroup": "73?",
            "display": "STATES",
            "fileName": "SB2736.json"
        },
        {
            "sort": 59,
            "userTarget": "STUDENT",
            "class": "B2",
            "letterGroup": "<AR> <SK> <BT>",
            "display": "B1 REVIEW",
            "fileName": "SB2ARSKBT1.json"
        },
        {
            "sort": 60,
            "userTarget": "STUDENT",
            "class": "B2",
            "letterGroup": "<AR> <SK> <BT>",
            "display": "<AR> <SK> <BT>",
            "fileName": "SB2ARSKBT.2json"
        },
        {
            "sort": 61,
            "userTarget": "STUDENT",
            "class": "B2",
            "letterGroup": "<AR> <SK> <BT>",
            "display": "QSO ABBREVIATIONS",
            "fileName": "SB2ARSKBT3.json"
        },
        {
            "sort": 62,
            "userTarget": "STUDENT",
            "class": "B2",
            "letterGroup": "<AR> <SK> <BT>",
            "display": "QSO PROTOCOL",
            "fileName": "SB2ARSKBT4.json"
        },
        {
            "sort": 63,
            "userTarget": "STUDENT",
            "class": "B2",
            "letterGroup": "<AR> <SK> <BT>",
            "display": "STATES",
            "fileName": "SB2ARSKBT5.json"
        },
        {
            "sort": 64,
            "userTarget": "STUDENT",
            "class": "B2",
            "letterGroup": "16.",
            "display": "B1 REVIEW",
            "fileName": "SB2161.json"
        },
        {
            "sort": 65,
            "userTarget": "STUDENT",
            "class": "B2",
            "letterGroup": "16.",
            "display": "16.",
            "fileName": "SB2162.json"
        },
        {
            "sort": 66,
            "userTarget": "STUDENT",
            "class": "B2",
            "letterGroup": "16.",
            "display": "QSO ABBREVIATIONS",
            "fileName": "SB2163.json"
        },
        {
            "sort": 67,
            "userTarget": "STUDENT",
            "class": "B2",
            "letterGroup": "16.",
            "display": "QSO PROTOCOL",
            "fileName": "SB2164.json"
        },
        {
            "sort": 68,
            "userTarget": "STUDENT",
            "class": "B2",
            "letterGroup": "16.",
            "display": "CALLSIGNS",
            "fileName": "SB2165.json"
        },
        {
            "sort": 69,
            "userTarget": "STUDENT",
            "class": "B2",
            "letterGroup": "16.",
            "display": "STATES",
            "fileName": "SB2166.json"
        },
        {
            "sort": 70,
            "userTarget": "STUDENT",
            "class": "B2",
            "letterGroup": "28BK",
            "display": "B1 REVIEW",
            "fileName": "SB228BK1.json"
        },
        {
            "sort": 71,
            "userTarget": "STUDENT",
            "class": "B2",
            "letterGroup": "28BK",
            "display": "28BK",
            "fileName": "SB228BK2.json"
        },
        {
            "sort": 72,
            "userTarget": "STUDENT",
            "class": "B2",
            "letterGroup": "28BK",
            "display": "QSO ABBREVIATIONS",
            "fileName": "SB228BK3.json"
        },
        {
            "sort": 73,
            "userTarget": "STUDENT",
            "class": "B2",
            "letterGroup": "28BK",
            "display": "QSO PROTOCOL",
            "fileName": "SB228BK4.json"
        },
        {
            "sort": 74,
            "userTarget": "STUDENT",
            "class": "B2",
            "letterGroup": "28BK",
            "display": "CALLSIGNS",
            "fileName": "SB228BK5.json"
        },
        {
            "sort": 75,
            "userTarget": "STUDENT",
            "class": "B2",
            "letterGroup": "28BK",
            "display": "STATES",
            "fileName": "SB228BK6.json"
        },
        {
            "sort": 76,
            "userTarget": "STUDENT",
            "class": "B2",
            "letterGroup": "40",
            "display": "B1 REVIEW",
            "fileName": "SB2401.json"
        },
        {
            "sort": 77,
            "userTarget": "STUDENT",
            "class": "B2",
            "letterGroup": "40",
            "display": "40",
            "fileName": "SB2402.json"
        },
        {
            "sort": 78,
            "userTarget": "STUDENT",
            "class": "B2",
            "letterGroup": "40",
            "display": "QSO ABBREVIATIONS",
            "fileName": "SB2403.json"
        },
        {
            "sort": 79,
            "userTarget": "STUDENT",
            "class": "B2",
            "letterGroup": "40",
            "display": "QSO PROTOCOL",
            "fileName": "SB2404.json"
        },
        {
            "sort": 80,
            "userTarget": "STUDENT",
            "class": "B2",
            "letterGroup": "40",
            "display": "CALLSIGNS",
            "fileName": "SB2405.json"
        },
        {
            "sort": 81,
            "userTarget": "STUDENT",
            "class": "B2",
            "letterGroup": "40",
            "display": "STATES",
            "fileName": "SB2406.json"
        },
        {
            "sort": 82,
            "userTarget": "STUDENT",
            "class": "B2",
            "letterGroup": "CAPSTONE",
            "display": "B1B2 REVIEW",
            "fileName": "SB2C1.json"
        },
        {
            "sort": 83,
            "userTarget": "STUDENT",
            "class": "B2",
            "letterGroup": "CAPSTONE",
            "display": "QSO ABBREVIATIONS",
            "fileName": "SB2C2.json"
        },
        {
            "sort": 84,
            "userTarget": "STUDENT",
            "class": "B2",
            "letterGroup": "CAPSTONE",
            "display": "QSO PROTOCOL 1",
            "fileName": "SB2C3.json"
        },
        {
            "sort": 85,
            "userTarget": "STUDENT",
            "class": "B2",
            "letterGroup": "CAPSTONE",
            "display": "QSO PROTOCOL 2",
            "fileName": "SB2C4.json"
        },
        {
            "sort": 86,
            "userTarget": "STUDENT",
            "class": "B2",
            "letterGroup": "CAPSTONE",
            "display": "QSO PROTOCOL 3",
            "fileName": "SB2C5.json"
        },
        {
            "sort": 87,
            "userTarget": "STUDENT",
            "class": "B2",
            "letterGroup": "CAPSTONE",
            "display": "QSO PROTOCOL 4",
            "fileName": "SB2C6.json"
        },
        {
            "sort": 88,
            "userTarget": "STUDENT",
            "class": "B2",
            "letterGroup": "CAPSTONE",
            "display": "CALLSIGNS",
            "fileName": "SB2C7.json"
        },
        {
            "sort": 89,
            "userTarget": "STUDENT",
            "class": "B2",
            "letterGroup": "CAPSTONE",
            "display": "STATES",
            "fileName": "SB2C8.json"
        },
        {
            "sort": 90,
            "userTarget": "INSTRUCTOR",
            "class": "B1",
            "letterGroup": "REA",
            "display": "R",
            "fileName": "IB1REA1.json"
        },
        {
            "sort": 91,
            "userTarget": "INSTRUCTOR",
            "class": "B1",
            "letterGroup": "REA",
            "display": "E",
            "fileName": "IB1REA2.json"
        },
        {
            "sort": 92,
            "userTarget": "INSTRUCTOR",
            "class": "B1",
            "letterGroup": "REA",
            "display": "RE",
            "fileName": "IB1REA3.json"
        },
        {
            "sort": 93,
            "userTarget": "INSTRUCTOR",
            "class": "B1",
            "letterGroup": "REA",
            "display": "A",
            "fileName": "IB1REA4.json"
        },
        {
            "sort": 94,
            "userTarget": "INSTRUCTOR",
            "class": "B1",
            "letterGroup": "REA",
            "display": "REA",
            "fileName": "IB1REA5.json"
        },
        {
            "sort": 95,
            "userTarget": "INSTRUCTOR",
            "class": "B1",
            "letterGroup": "REA",
            "display": "UWB HOF ",
            "fileName": "IB1REA6.json"
        },
        {
            "sort": 96,
            "userTarget": "INSTRUCTOR",
            "class": "B1",
            "letterGroup": "REA",
            "display": "REA UWB HOF",
            "fileName": "IB1REA7.json"
        },
        {
            "sort": 97,
            "userTarget": "INSTRUCTOR",
            "class": "B1",
            "letterGroup": "TIN",
            "display": "T",
            "fileName": "IB1TIN1.json"
        },
        {
            "sort": 98,
            "userTarget": "INSTRUCTOR",
            "class": "B1",
            "letterGroup": "TIN",
            "display": "I",
            "fileName": "IB1TIN2.json"
        },
        {
            "sort": 99,
            "userTarget": "INSTRUCTOR",
            "class": "B1",
            "letterGroup": "TIN",
            "display": "TI",
            "fileName": "IB1TIN3.json"
        },
        {
            "sort": 100,
            "userTarget": "INSTRUCTOR",
            "class": "B1",
            "letterGroup": "TIN",
            "display": "N",
            "fileName": "IB1TIN4.json"
        },
        {
            "sort": 101,
            "userTarget": "INSTRUCTOR",
            "class": "B1",
            "letterGroup": "TIN",
            "display": "TIN",
            "fileName": "IB1TIN5.json"
        },
        {
            "sort": 102,
            "userTarget": "INSTRUCTOR",
            "class": "B1",
            "letterGroup": "TIN",
            "display": "REA UWB",
            "fileName": "IB1TIN6.json"
        },
        {
            "sort": 103,
            "userTarget": "INSTRUCTOR",
            "class": "B1",
            "letterGroup": "TIN",
            "display": "TIN REA UWB",
            "fileName": "IB1TIN7.json"
        },
        {
            "sort": 104,
            "userTarget": "INSTRUCTOR",
            "class": "B1",
            "letterGroup": "PGS",
            "display": "P",
            "fileName": "IB1PGS1.json"
        },
        {
            "sort": 105,
            "userTarget": "INSTRUCTOR",
            "class": "B1",
            "letterGroup": "PGS",
            "display": "G",
            "fileName": "IB1PGS2.json"
        },
        {
            "sort": 106,
            "userTarget": "INSTRUCTOR",
            "class": "B1",
            "letterGroup": "PGS",
            "display": "PG",
            "fileName": "IB1PGS3.json"
        },
        {
            "sort": 107,
            "userTarget": "INSTRUCTOR",
            "class": "B1",
            "letterGroup": "PGS",
            "display": "S",
            "fileName": "IB1PGS4.json"
        },
        {
            "sort": 108,
            "userTarget": "INSTRUCTOR",
            "class": "B1",
            "letterGroup": "PGS",
            "display": "PGS",
            "fileName": "IB1PGS5.json"
        },
        {
            "sort": 109,
            "userTarget": "INSTRUCTOR",
            "class": "B1",
            "letterGroup": "PGS",
            "display": "TIN REA",
            "fileName": "IB1PGS6.json"
        },
        {
            "sort": 110,
            "userTarget": "INSTRUCTOR",
            "class": "B1",
            "letterGroup": "PGS",
            "display": "PGS TIN REA",
            "fileName": "IB1PGS7.json"
        },
        {
            "sort": 111,
            "userTarget": "INSTRUCTOR",
            "class": "B1",
            "letterGroup": "LCD",
            "display": "L",
            "fileName": "IB1LCD1.json"
        },
        {
            "sort": 112,
            "userTarget": "INSTRUCTOR",
            "class": "B1",
            "letterGroup": "LCD",
            "display": "C",
            "fileName": "IB1LCD2.json"
        },
        {
            "sort": 113,
            "userTarget": "INSTRUCTOR",
            "class": "B1",
            "letterGroup": "LCD",
            "display": "LC",
            "fileName": "IB1LCD3.json"
        },
        {
            "sort": 114,
            "userTarget": "INSTRUCTOR",
            "class": "B1",
            "letterGroup": "LCD",
            "display": "D",
            "fileName": "IB1LCD4.json"
        },
        {
            "sort": 115,
            "userTarget": "INSTRUCTOR",
            "class": "B1",
            "letterGroup": "LCD",
            "display": "LCD",
            "fileName": "IB1LCD5.json"
        },
        {
            "sort": 116,
            "userTarget": "INSTRUCTOR",
            "class": "B1",
            "letterGroup": "LCD",
            "display": "PGS TIN",
            "fileName": "IB1LCD6.json"
        },
        {
            "sort": 117,
            "userTarget": "INSTRUCTOR",
            "class": "B1",
            "letterGroup": "LCD",
            "display": "LCD PGS TIN",
            "fileName": "IB1LCD7.json"
        },
        {
            "sort": 118,
            "userTarget": "INSTRUCTOR",
            "class": "B1",
            "letterGroup": "HOF",
            "display": "H",
            "fileName": "IB1HOF1.json"
        },
        {
            "sort": 119,
            "userTarget": "INSTRUCTOR",
            "class": "B1",
            "letterGroup": "HOF",
            "display": "O",
            "fileName": "IB1HOF2.json"
        },
        {
            "sort": 120,
            "userTarget": "INSTRUCTOR",
            "class": "B1",
            "letterGroup": "HOF",
            "display": "HO",
            "fileName": "IB1HOF3.json"
        },
        {
            "sort": 121,
            "userTarget": "INSTRUCTOR",
            "class": "B1",
            "letterGroup": "HOF",
            "display": "F",
            "fileName": "IB1HOF4.json"
        },
        {
            "sort": 122,
            "userTarget": "INSTRUCTOR",
            "class": "B1",
            "letterGroup": "HOF",
            "display": "HOF",
            "fileName": "IB1HOF5.json"
        },
        {
            "sort": 123,
            "userTarget": "INSTRUCTOR",
            "class": "B1",
            "letterGroup": "HOF",
            "display": "LCD PGS  ",
            "fileName": "IB1HOF6.json"
        },
        {
            "sort": 124,
            "userTarget": "INSTRUCTOR",
            "class": "B1",
            "letterGroup": "HOF",
            "display": "HOF LCD PGS",
            "fileName": "IB1HOF7.json"
        },
        {
            "sort": 125,
            "userTarget": "INSTRUCTOR",
            "class": "B1",
            "letterGroup": "UWB",
            "display": "U ",
            "fileName": "IB1UWB1.json"
        },
        {
            "sort": 126,
            "userTarget": "INSTRUCTOR",
            "class": "B1",
            "letterGroup": "UWB",
            "display": "W",
            "fileName": "IB1UWB2.json"
        },
        {
            "sort": 127,
            "userTarget": "INSTRUCTOR",
            "class": "B1",
            "letterGroup": "UWB",
            "display": "UW ",
            "fileName": "IB1UWB3.json"
        },
        {
            "sort": 128,
            "userTarget": "INSTRUCTOR",
            "class": "B1",
            "letterGroup": "UWB",
            "display": "B ",
            "fileName": "IB1UWB4.json"
        },
        {
            "sort": 129,
            "userTarget": "INSTRUCTOR",
            "class": "B1",
            "letterGroup": "UWB",
            "display": "UWB  ",
            "fileName": "IB1UWB5.json"
        },
        {
            "sort": 130,
            "userTarget": "INSTRUCTOR",
            "class": "B1",
            "letterGroup": "UWB",
            "display": "HOF LCD  ",
            "fileName": "IB1UWB6.json"
        },
        {
            "sort": 131,
            "userTarget": "INSTRUCTOR",
            "class": "B1",
            "letterGroup": "UWB",
            "display": "UWB HOF LCD",
            "fileName": "IB1UWB7.json"
        },
        {
            "sort": 132,
            "userTarget": "INSTRUCTOR",
            "class": "B2",
            "letterGroup": "KMY",
            "display": "K",
            "fileName": "IB2KMY1.json"
        },
        {
            "sort": 133,
            "userTarget": "INSTRUCTOR",
            "class": "B2",
            "letterGroup": "KMY",
            "display": "M",
            "fileName": "IB2KMY2.json"
        },
        {
            "sort": 134,
            "userTarget": "INSTRUCTOR",
            "class": "B2",
            "letterGroup": "KMY",
            "display": "KM",
            "fileName": "IB2KMY3.json"
        },
        {
            "sort": 135,
            "userTarget": "INSTRUCTOR",
            "class": "B2",
            "letterGroup": "KMY",
            "display": "Y",
            "fileName": "IB2KMY4.json"
        },
        {
            "sort": 136,
            "userTarget": "INSTRUCTOR",
            "class": "B2",
            "letterGroup": "KMY",
            "display": "KMY",
            "fileName": "IB2KMY5.json"
        },
        {
            "sort": 137,
            "userTarget": "INSTRUCTOR",
            "class": "B2",
            "letterGroup": "KMY",
            "display": "QSO ABBREVIATIONS",
            "fileName": "IB2KMY6.json"
        },
        {
            "sort": 138,
            "userTarget": "INSTRUCTOR",
            "class": "B2",
            "letterGroup": "KMY",
            "display": "QSO PROTOCOL",
            "fileName": "IB2KMY7.json"
        },
        {
            "sort": 139,
            "userTarget": "INSTRUCTOR",
            "class": "B2",
            "letterGroup": "KMY",
            "display": "STATES",
            "fileName": "IB2KMY8.json"
        },
        {
            "sort": 140,
            "userTarget": "INSTRUCTOR",
            "class": "B2",
            "letterGroup": "59,",
            "display": "5",
            "fileName": "IB2591.json"
        },
        {
            "sort": 141,
            "userTarget": "INSTRUCTOR",
            "class": "B2",
            "letterGroup": "59,",
            "display": "9",
            "fileName": "IB2592.json"
        },
        {
            "sort": 142,
            "userTarget": "INSTRUCTOR",
            "class": "B2",
            "letterGroup": "59,",
            "display": "59",
            "fileName": "IB2593.json"
        },
        {
            "sort": 143,
            "userTarget": "INSTRUCTOR",
            "class": "B2",
            "letterGroup": "59,",
            "display": ",",
            "fileName": "IB2594.json"
        },
        {
            "sort": 144,
            "userTarget": "INSTRUCTOR",
            "class": "B2",
            "letterGroup": "59,",
            "display": "59,",
            "fileName": "IB2595.json"
        },
        {
            "sort": 145,
            "userTarget": "INSTRUCTOR",
            "class": "B2",
            "letterGroup": "59,",
            "display": "QSO ABBREVIATIONS",
            "fileName": "IB2596.json"
        },
        {
            "sort": 146,
            "userTarget": "INSTRUCTOR",
            "class": "B2",
            "letterGroup": "59,",
            "display": "QSO PROTOCOL",
            "fileName": "IB2597.json"
        },
        {
            "sort": 147,
            "userTarget": "INSTRUCTOR",
            "class": "B2",
            "letterGroup": "59,",
            "display": "CALLSIGNS",
            "fileName": "IB2598.json"
        },
        {
            "sort": 148,
            "userTarget": "INSTRUCTOR",
            "class": "B2",
            "letterGroup": "59,",
            "display": "STATES",
            "fileName": "IB2599.json"
        },
        {
            "sort": 149,
            "userTarget": "INSTRUCTOR",
            "class": "B2",
            "letterGroup": "QXV",
            "display": "Q",
            "fileName": "IB2QXV1.json"
        },
        {
            "sort": 150,
            "userTarget": "INSTRUCTOR",
            "class": "B2",
            "letterGroup": "QXV",
            "display": "X",
            "fileName": "IB2QXV2.json"
        },
        {
            "sort": 151,
            "userTarget": "INSTRUCTOR",
            "class": "B2",
            "letterGroup": "QXV",
            "display": "QX",
            "fileName": "IB2QXV3.json"
        },
        {
            "sort": 152,
            "userTarget": "INSTRUCTOR",
            "class": "B2",
            "letterGroup": "QXV",
            "display": " V",
            "fileName": "IB2QXV4.json"
        },
        {
            "sort": 153,
            "userTarget": "INSTRUCTOR",
            "class": "B2",
            "letterGroup": "QXV",
            "display": "QXV",
            "fileName": "IB2QXV5.json"
        },
        {
            "sort": 154,
            "userTarget": "INSTRUCTOR",
            "class": "B2",
            "letterGroup": "QXV",
            "display": "QSO ABBREVIATIONS",
            "fileName": "IB2QXV6.json"
        },
        {
            "sort": 155,
            "userTarget": "INSTRUCTOR",
            "class": "B2",
            "letterGroup": "QXV",
            "display": "QSO PROTOCOL",
            "fileName": "IB2QXV7.json"
        },
        {
            "sort": 156,
            "userTarget": "INSTRUCTOR",
            "class": "B2",
            "letterGroup": "QXV",
            "display": "STATES",
            "fileName": "IB2QXV8.json"
        },
        {
            "sort": 157,
            "userTarget": "INSTRUCTOR",
            "class": "B2",
            "letterGroup": "73?",
            "display": "7",
            "fileName": "IB2731.json"
        },
        {
            "sort": 158,
            "userTarget": "INSTRUCTOR",
            "class": "B2",
            "letterGroup": "73?",
            "display": "3",
            "fileName": "IB2732.json"
        },
        {
            "sort": 159,
            "userTarget": "INSTRUCTOR",
            "class": "B2",
            "letterGroup": "73?",
            "display": "73",
            "fileName": "IB2733.json"
        },
        {
            "sort": 160,
            "userTarget": "INSTRUCTOR",
            "class": "B2",
            "letterGroup": "73?",
            "display": "?",
            "fileName": "IB2734.json"
        },
        {
            "sort": 161,
            "userTarget": "INSTRUCTOR",
            "class": "B2",
            "letterGroup": "73?",
            "display": "73?",
            "fileName": "IB2735.json"
        },
        {
            "sort": 162,
            "userTarget": "INSTRUCTOR",
            "class": "B2",
            "letterGroup": "73?",
            "display": "QSO ABREVIATIONS",
            "fileName": "IB2736.json"
        },
        {
            "sort": 163,
            "userTarget": "INSTRUCTOR",
            "class": "B2",
            "letterGroup": "73?",
            "display": "QSO PROTOCOL",
            "fileName": "IB2737.json"
        },
        {
            "sort": 164,
            "userTarget": "INSTRUCTOR",
            "class": "B2",
            "letterGroup": "73?",
            "display": "CALLSIGNS",
            "fileName": "IB2738.json"
        },
        {
            "sort": 165,
            "userTarget": "INSTRUCTOR",
            "class": "B2",
            "letterGroup": "73?",
            "display": "STATES",
            "fileName": "IB2739.json"
        },
        {
            "sort": 166,
            "userTarget": "INSTRUCTOR",
            "class": "B2",
            "letterGroup": "<AR> <SK> <BT>",
            "display": "<AR>",
            "fileName": "IB2ARSKBT1.json"
        },
        {
            "sort": 167,
            "userTarget": "INSTRUCTOR",
            "class": "B2",
            "letterGroup": "<AR> <SK> <BT>",
            "display": "<SK>",
            "fileName": "IB2ARSKBT.2json"
        },
        {
            "sort": 168,
            "userTarget": "INSTRUCTOR",
            "class": "B2",
            "letterGroup": "<AR> <SK> <BT>",
            "display": "<AR> <SK>",
            "fileName": "IB2ARSKBT3.json"
        },
        {
            "sort": 169,
            "userTarget": "INSTRUCTOR",
            "class": "B2",
            "letterGroup": "<AR> <SK> <BT>",
            "display": "<BT>",
            "fileName": "IB2ARSKBT4.json"
        },
        {
            "sort": 170,
            "userTarget": "INSTRUCTOR",
            "class": "B2",
            "letterGroup": "<AR> <SK> <BT>",
            "display": "<AR> <SK> <BT>",
            "fileName": "IB2ARSKBT5.json"
        },
        {
            "sort": 171,
            "userTarget": "INSTRUCTOR",
            "class": "B2",
            "letterGroup": "<AR> <SK> <BT>",
            "display": "QSO ABREVIATIONS",
            "fileName": "IB2ARSKBT6.json"
        },
        {
            "sort": 172,
            "userTarget": "INSTRUCTOR",
            "class": "B2",
            "letterGroup": "<AR> <SK> <BT>",
            "display": "QSO PROTOCOL",
            "fileName": "IB2ARSKBT6.json"
        },
        {
            "sort": 173,
            "userTarget": "INSTRUCTOR",
            "class": "B2",
            "letterGroup": "<AR> <SK> <BT>",
            "display": "STATES",
            "fileName": "IB2ARSKBT7.json"
        },
        {
            "sort": 174,
            "userTarget": "INSTRUCTOR",
            "class": "B2",
            "letterGroup": "16.",
            "display": "1",
            "fileName": "IB2161.json"
        },
        {
            "sort": 175,
            "userTarget": "INSTRUCTOR",
            "class": "B2",
            "letterGroup": "16.",
            "display": "6",
            "fileName": "IB2162.json"
        },
        {
            "sort": 176,
            "userTarget": "INSTRUCTOR",
            "class": "B2",
            "letterGroup": "16.",
            "display": "16",
            "fileName": "IB2163.json"
        },
        {
            "sort": 177,
            "userTarget": "INSTRUCTOR",
            "class": "B2",
            "letterGroup": "16.",
            "display": ".",
            "fileName": "IB2164.json"
        },
        {
            "sort": 178,
            "userTarget": "INSTRUCTOR",
            "class": "B2",
            "letterGroup": "16.",
            "display": "16.",
            "fileName": "IB2165.json"
        },
        {
            "sort": 179,
            "userTarget": "INSTRUCTOR",
            "class": "B2",
            "letterGroup": "16.",
            "display": "QSO ABBREVIATIONS",
            "fileName": "IB2166.json"
        },
        {
            "sort": 180,
            "userTarget": "INSTRUCTOR",
            "class": "B2",
            "letterGroup": "16.",
            "display": "QSO PROTOCOL",
            "fileName": "IB2167.json"
        },
        {
            "sort": 181,
            "userTarget": "INSTRUCTOR",
            "class": "B2",
            "letterGroup": "16.",
            "display": "CALLSIGNS",
            "fileName": "IB2168.json"
        },
        {
            "sort": 182,
            "userTarget": "INSTRUCTOR",
            "class": "B2",
            "letterGroup": "16.",
            "display": "STATES",
            "fileName": "IB2169.json"
        },
        {
            "sort": 183,
            "userTarget": "INSTRUCTOR",
            "class": "B2",
            "letterGroup": "28BK",
            "display": "2",
            "fileName": "IB228BK1.json"
        },
        {
            "sort": 184,
            "userTarget": "INSTRUCTOR",
            "class": "B2",
            "letterGroup": "28BK",
            "display": "8",
            "fileName": "IB228BK2.json"
        },
        {
            "sort": 185,
            "userTarget": "INSTRUCTOR",
            "class": "B2",
            "letterGroup": "28BK",
            "display": "28",
            "fileName": "IB228BK3.json"
        },
        {
            "sort": 186,
            "userTarget": "INSTRUCTOR",
            "class": "B2",
            "letterGroup": "28BK",
            "display": "BK",
            "fileName": "IB228BK4.json"
        },
        {
            "sort": 187,
            "userTarget": "INSTRUCTOR",
            "class": "B2",
            "letterGroup": "28BK",
            "display": "28BK",
            "fileName": "IB228BK5.json"
        },
        {
            "sort": 188,
            "userTarget": "INSTRUCTOR",
            "class": "B2",
            "letterGroup": "28BK",
            "display": "QSO ABBREVIATIONS",
            "fileName": "IB228BK6.json"
        },
        {
            "sort": 189,
            "userTarget": "INSTRUCTOR",
            "class": "B2",
            "letterGroup": "28BK",
            "display": "QSO PROTOCOL",
            "fileName": "IB228BK7.json"
        },
        {
            "sort": 190,
            "userTarget": "INSTRUCTOR",
            "class": "B2",
            "letterGroup": "28BK",
            "display": "CALLSIGNS",
            "fileName": "IB228BK8.json"
        },
        {
            "sort": 191,
            "userTarget": "INSTRUCTOR",
            "class": "B2",
            "letterGroup": "28BK",
            "display": "STATES",
            "fileName": "IB228BK9.json"
        },
        {
            "sort": 192,
            "userTarget": "INSTRUCTOR",
            "class": "B2",
            "letterGroup": "40",
            "display": "4",
            "fileName": "IB2401.json"
        },
        {
            "sort": 193,
            "userTarget": "INSTRUCTOR",
            "class": "B2",
            "letterGroup": "40",
            "display": "0",
            "fileName": "IB2402.json"
        },
        {
            "sort": 194,
            "userTarget": "INSTRUCTOR",
            "class": "B2",
            "letterGroup": "40",
            "display": "40",
            "fileName": "IB2403.json"
        },
        {
            "sort": 195,
            "userTarget": "INSTRUCTOR",
            "class": "B2",
            "letterGroup": "40",
            "display": "QSO ABBREVIATIONS ",
            "fileName": "IB2404.json"
        },
        {
            "sort": 196,
            "userTarget": "INSTRUCTOR",
            "class": "B2",
            "letterGroup": "40",
            "display": "QSO PROTOCOL",
            "fileName": "IB2405.json"
        },
        {
            "sort": 197,
            "userTarget": "INSTRUCTOR",
            "class": "B2",
            "letterGroup": "40",
            "display": "CALLSIGNS",
            "fileName": "IB2406.json"
        },
        {
            "sort": 198,
            "userTarget": "INSTRUCTOR",
            "class": "B2",
            "letterGroup": "40",
            "display": "STATES",
            "fileName": "IB2407.json"
        },
        {
            "sort": 199,
            "userTarget": "INSTRUCTOR",
            "class": "B2",
            "letterGroup": "CAPSTONE",
            "display": "B1B2 REVIEW",
            "fileName": "IB2C1.json"
        },
        {
            "sort": 200,
            "userTarget": "INSTRUCTOR",
            "class": "B2",
            "letterGroup": "CAPSTONE",
            "display": "QSO ABBREVIATIONS ",
            "fileName": "IB2C2.json"
        },
        {
            "sort": 201,
            "userTarget": "INSTRUCTOR",
            "class": "B2",
            "letterGroup": "CAPSTONE",
            "display": "QSO PROTOCOL 1",
            "fileName": "IB2C3.json"
        },
        {
            "sort": 202,
            "userTarget": "INSTRUCTOR",
            "class": "B2",
            "letterGroup": "CAPSTONE",
            "display": "QSO PROTOCOL 2",
            "fileName": "IB2C4.json"
        },
        {
            "sort": 203,
            "userTarget": "INSTRUCTOR",
            "class": "B2",
            "letterGroup": "CAPSTONE",
            "display": "QSO PROTOCOL 3",
            "fileName": "IB2C5.json"
        },
        {
            "sort": 204,
            "userTarget": "INSTRUCTOR",
            "class": "B2",
            "letterGroup": "CAPSTONE",
            "display": "QSO PROTOCOL 4",
            "fileName": "IB2C6.json"
        },
        {
            "sort": 205,
            "userTarget": "INSTRUCTOR",
            "class": "B2",
            "letterGroup": "CAPSTONE",
            "display": "CALLSIGNS",
            "fileName": "IB2C7.json"
        },
        {
            "sort": 206,
            "userTarget": "INSTRUCTOR",
            "class": "B2",
            "letterGroup": "CAPSTONE",
            "display": "STATES",
            "fileName": "IB2C8.json"
        },
        {
            "sort": 207,
            "userTarget": "STUDENT",
            "class": "B2",
            "letterGroup": "ZJ",
            "display": "B1 REVIEW",
            "fileName": "SB2ZJ1.json"
        },
        {
            "sort": 208,
            "userTarget": "STUDENT",
            "class": "B2",
            "letterGroup": "ZJ",
            "display": "ZJ/",
            "fileName": "SB2ZJ2.json"
        },
        {
            "sort": 209,
            "userTarget": "STUDENT",
            "class": "B2",
            "letterGroup": "ZJ",
            "display": "QSO ABBREVIATIONS",
            "fileName": "SB2ZJ3.json"
        },
        {
            "sort": 210,
            "userTarget": "STUDENT",
            "class": "B2",
            "letterGroup": "ZJ",
            "display": "QSO PROTOCOL",
            "fileName": "SB2ZJ4.json"
        },
        {
            "sort": 211,
            "userTarget": "STUDENT",
            "class": "B2",
            "letterGroup": "ZJ",
            "display": "STATES",
            "fileName": "SB2ZJ5.json"
        },
        {
            "sort": 212,
            "userTarget": "INSTRUCTOR",
            "class": "B2",
            "letterGroup": "ZJ",
            "display": "Z ",
            "fileName": "IB2ZJ1.json"
        },
        {
            "sort": 213,
            "userTarget": "INSTRUCTOR",
            "class": "B2",
            "letterGroup": "ZJ",
            "display": "J",
            "fileName": "IB2ZJ2.json"
        },
        {
            "sort": 214,
            "userTarget": "INSTRUCTOR",
            "class": "B2",
            "letterGroup": "ZJ",
            "display": "ZJ ",
            "fileName": "IB2ZJ3.json"
        },
        {
            "sort": 215,
            "userTarget": "INSTRUCTOR",
            "class": "B2",
            "letterGroup": "ZJ",
            "display": "/",
            "fileName": "IB2ZJ4.json"
        },
        {
            "sort": 216,
            "userTarget": "INSTRUCTOR",
            "class": "B2",
            "letterGroup": "ZJ",
            "display": "ZJ/",
            "fileName": "IB2ZJ5.json"
        },
        {
            "sort": 217,
            "userTarget": "INSTRUCTOR",
            "class": "B2",
            "letterGroup": "ZJ",
            "display": "QSO ABBREVIATIONS",
            "fileName": "IB2ZJ6.json"
        },
        {
            "sort": 218,
            "userTarget": "INSTRUCTOR",
            "class": "B2",
            "letterGroup": "ZJ",
            "display": "QSO PROTOCOL",
            "fileName": "IB2ZJ7.json"
        },
        {
            "sort": 219,
            "userTarget": "INSTRUCTOR",
            "class": "B2",
            "letterGroup": "ZJ",
            "display": "STATES",
            "fileName": "IB2ZJ8.json"
        }
    ]
}